filename,column_index,model,mse,mae,rmse
datasets/synthetic_data/s3.csv,477,LSTM,373944965.3948996,19326.846484700814,19337.656667623913
datasets/synthetic_data/s3.csv,478,LSTM,2062651.7157300403,1150.2060481359395,1436.1934813004968
datasets/synthetic_data/s3.csv,479,LSTM,29465707.201082755,5286.695508115255,5428.232419589525
datasets/synthetic_data/s3.csv,480,LSTM,91406154.32519335,9495.853072088694,9560.656584418946
datasets/synthetic_data/s3.csv,481,LSTM,34727470.49860836,5840.914406240219,5893.001824079843
