filename,column_index,model,mse,mae,rmse
datasets/synthetic_data/s3.csv,318,LSTM,179626267.1252242,13361.223969014778,13402.472425833384
datasets/synthetic_data/s3.csv,319,LSTM,4180965.203960226,1822.040238394718,2044.7408647455125
datasets/synthetic_data/s3.csv,320,LSTM,5350613.036346149,2281.948047636731,2313.139216810382
datasets/synthetic_data/s3.csv,321,LSTM,12890800.766713237,3512.39272146185,3590.376131648777
datasets/synthetic_data/s3.csv,322,LSTM,2888284.4835719746,1489.549265781395,1699.4953614446774
