filename,column_index,model,mse,mae,rmse
datasets/synthetic_data/s3.csv,694,LSTM,2412043.482830546,1285.6425511644786,1553.0754916714595
datasets/synthetic_data/s3.csv,695,LSTM,58796920.25650448,7563.08314329402,7667.91498756373
datasets/synthetic_data/s3.csv,696,LSTM,643937.7876063919,630.6474290652139,802.4573431693375
datasets/synthetic_data/s3.csv,697,LSTM,254883828.61815116,15942.896396623972,15965.081541230886
datasets/synthetic_data/s3.csv,698,LSTM,45542416.95183257,6717.035938045515,6748.512202836457
datasets/synthetic_data/s3.csv,699,LSTM,224125016.5252325,14932.0023020459,14970.805473495155
datasets/synthetic_data/s3.csv,700,LSTM,32647821.983826,5568.962100344616,5713.82726233704
datasets/synthetic_data/s3.csv,701,LSTM,5460847.497602833,2088.5541054456307,2336.8456298187166
datasets/synthetic_data/s3.csv,702,LSTM,2491224.312287519,1427.4682195773773,1578.3612743245822
