filename,column_index,model,mse,mae,rmse
datasets/synthetic_data/s3.csv,0,Tree,2248342.6600413946,1285.0632504253201,1499.4474515772117
datasets/synthetic_data/s3.csv,0,ARMA,5715970.0863329815,2185.4794517268983,2390.8095044007546
datasets/synthetic_data/s3.csv,1,Tree,40149661.27095325,6288.587958970924,6336.376036107174
datasets/synthetic_data/s3.csv,1,ARMA,41074622.9307062,6082.979239829712,6408.948660326919
