filename,column_index,model,mse,mae,rmse
datasets/synthetic_data/s3.csv,159,LSTM,1617660.3990611297,1080.6919525715466,1271.8727920122867
datasets/synthetic_data/s3.csv,160,LSTM,221341762.11430824,14836.957104497826,14877.559010614215
