filename,column_index,model,mse,mae,rmse
datasets/synthetic_data/s3.csv,937,LSTM,84471982.09496956,9130.086906644063,9190.864055950864
datasets/synthetic_data/s3.csv,938,LSTM,10553898.200254228,3139.0471609774195,3248.6763766577656
datasets/synthetic_data/s3.csv,939,LSTM,24805814.58571761,4705.842127220213,4980.543603435031
datasets/synthetic_data/s3.csv,940,LSTM,31115098.006027404,5292.453588355305,5578.09089259286
datasets/synthetic_data/s3.csv,941,LSTM,32244829.455359474,5580.421835247979,5678.453086480461
datasets/synthetic_data/s3.csv,942,LSTM,1474224.8303909763,1025.8499606806074,1214.1766059313513
datasets/synthetic_data/s3.csv,943,LSTM,7756533.495436816,2741.488835746343,2785.0553846264556
datasets/synthetic_data/s3.csv,944,LSTM,3265735.8908980256,1627.2616673909847,1807.1347185248878
datasets/synthetic_data/s3.csv,945,LSTM,4492782.451210743,1851.1656767443035,2119.6184683123383
