filename,column_index,model,mse,mae,rmse
datasets/synthetic_data/s3.csv,937,LSTM,84471982.09496956,9130.086906644063,9190.864055950864
datasets/synthetic_data/s3.csv,938,LSTM,10553898.200254228,3139.0471609774195,3248.6763766577656
datasets/synthetic_data/s3.csv,939,LSTM,24805814.58571761,4705.842127220213,4980.543603435031
datasets/synthetic_data/s3.csv,940,LSTM,31115098.006027404,5292.453588355305,5578.09089259286
