filename,column_index,model,mse,mae,rmse
datasets/processed_data/euro-daily-hist_1999_2024_14052024.csv,0,Tree,0.0001777407229832571,0.009946955859969553,0.013331943706123917
datasets/processed_data/euro-daily-hist_1999_2024_14052024.csv,0,ARMA,0.004202369578191723,0.05128022423832535,0.06482568609888925
datasets/processed_data/euro-daily-hist_1999_2024_14052024.csv,1,Tree,0.0001200072602739726,0.008380821917808218,0.010954782529743464
datasets/processed_data/euro-daily-hist_1999_2024_14052024.csv,1,ARMA,0.003605552344258051,0.043595784420313775,0.06004625170864582
