filename,column_index,Frequency,Mean,Median,Min,Max,Variance,P2P_amplitude,Trend_slope,Spectral_centroid,Spectral_rolloff,Spectral_entropy,Strength_of_trend,Mean_crossing_rate,Median_crossing_rate
,0,0.0002777777777777778,3293.9519045501706,3496.0,1.0,7280.0,3844258.3906763047,7279.0,0.010536998952021726,3.3247172021252876e-05,0.0001132396291355829,0.31361962501361873,2.3715200934214318,0.09768027866301045,0.09679092862965982
,0,0.0002777777777777778,3293.9519045501706,3496.0,1.0,7280.0,3844258.3906763047,7279.0,0.010536998952021726,3.3247172021252876e-05,0.0001132396291355829,0.31361962501361873,2.3715200934214318,0.09768027866301045,0.09679092862965982
