Mean,Median,Min,Max,Variance,P2P_amplitude,Trend_slope,Spectral_centroid,Spectral_rolloff,Spectral_entropy,Strength_of_trend,Mean_crossing_rate,Median_crossing_rate,filename,column_index,Frequency
3301.440784354412,3498.0,0.0,7280.0,3882597.2347178156,7280.0,0.001002512269599391,3.73691518552776e-05,0.0001191258436939819,0.31023185147919197,2.3167958231182517,0.0949367088607595,0.093743515252127,datasets\processed_data\metro_nyc_17052024.csv,0,0.0002777777777777778
