filename,column_index,model,mse,mae,rmse
datasets\processed_data\metro_nyc_17052024.csv,0,Tree,175682.12322854638,263.53780639800584,419.1445135374509
datasets\processed_data\metro_nyc_17052024.csv,0,ARMA,3938750.6434372202,1737.798035341238,1984.6285908041384
datasets\processed_data\metro_nyc_17052024.csv,0,LSTM,7497500.088710932,2285.256638226194,2738.1563302176396
