filename,column_index,model,mse,mae,rmse
datasets\processed_data\metro_nyc_17052024.csv,0,Tree,171546.4393955131,261.05951391773993,414.18165023997994
datasets\processed_data\metro_nyc_17052024.csv,0,ARMA,3938750.6434372202,1737.798035341238,1984.6285908041384
datasets\processed_data\metro_nyc_17052024.csv,0,LSTM,7884207.500879976,2359.4804635770993,2807.88309957519
