filename,column_index,model,mse,mae,rmse
,0,Tree,175682.12322854638,263.53780639800584,419.1445135374509
,0,ARMA,3938750.6434372202,1737.798035341238,1984.6285908041384
,0,LSTM,7574908.042504306,2313.7411792661624,2752.2550831099043
,0,Tree,173051.22772122975,263.56616119651017,415.9942640484719
,0,ARMA,3938750.6434372202,1737.798035341238,1984.6285908041384
,0,LSTM,8167718.624407936,2385.7705857610126,2857.9220815844396
