filename,column_index,model,mse,mae,rmse
datasets/processed_data/metro_nyc_17052024.csv,0,LSTM,9681605.365358848,2571.896795611189,3111.527818509558
datasets/processed_data/taxi_data_15052024.csv,0,LSTM,234060250.85596627,13565.089164759824,15299.027774860933
datasets/processed_data/traffic_17052024.csv,0,LSTM,71.21324281697565,6.17529320053902,8.438793919570239
datasets/processed_data/traffic_17052024.csv,1,LSTM,19.994296839094446,3.447310677844963,4.471498276762996
datasets/processed_data/traffic_17052024.csv,2,LSTM,36.482974487405286,3.523783846160124,6.040113780998276
