filename,column_index,model,mse,mae,rmse
datasets/processed_data/power_consumption_data.csv,0,LSTM,0.043786935346134995,0.13265765452617043,0.20925328037126442
datasets/processed_data/power_consumption_data.csv,1,LSTM,1.2288607221083514,0.6823893964024396,1.1085399055101044
datasets/processed_data/power_consumption_data.csv,2,LSTM,0.039429397971407314,0.03451527556181693,0.19856837102471106
datasets/processed_data/power_consumption_data.csv,3,LSTM,1386.2383115615971,13.83625185344774,37.2322214158865
datasets/processed_data/power_consumption_data.csv,4,LSTM,565.3728252783997,8.049073751326896,23.777569793366176
datasets/processed_data/power_consumption_data.csv,5,LSTM,785083637.3717817,27332.091908210812,28019.34398539305
datasets/processed_data/power_consumption_data.csv,6,LSTM,478211692.86725616,21169.397167907,21868.051876361922
