filename,column_index,model,mse,mae,rmse
datasets/synthetic_data/s2.csv,914,LSTM,1.7313406266701636,1.0070880588733464,1.3158041748946396
datasets/synthetic_data/s2.csv,915,LSTM,1.0427034592023972,0.8156999563789589,1.0211285223723785
