filename,column_index,model,mse,mae,rmse
datasets/synthetic_data/s2.csv,533,LSTM,1.9176512502419996,1.1188824578437435,1.3847928546327786
datasets/synthetic_data/s2.csv,534,LSTM,1.5428192862206629,1.0210395381323465,1.2421027679788266
datasets/synthetic_data/s2.csv,535,LSTM,1.0117924957516782,0.8126977728282135,1.0058789667508106
datasets/synthetic_data/s2.csv,536,LSTM,1.2573322650799372,0.9060214781832917,1.121308282801807
datasets/synthetic_data/s2.csv,537,LSTM,1.4194741695329893,0.9266153931984908,1.1914168747894203
