filename,column_index,model,mse,mae,rmse
datasets/synthetic_data/s2.csv,0,LSTM,1.069115757672117,0.8476960938768174,1.0339805402772904
datasets/synthetic_data/s2.csv,1,LSTM,1.3843968746265132,0.8966006746694728,1.1766039582741992
datasets/synthetic_data/s2.csv,2,LSTM,1.4432299516468288,0.995817451643988,1.2013450593592288
