filename,column_index,model,mse,mae,rmse
datasets/synthetic_data/s2.csv,422,LSTM,0.7904624034302137,0.7090733693529072,0.8890795259312936
