filename,column_index,model,mse,mae,rmse
datasets/synthetic_data/s2.csv,422,LSTM,0.7904624034302137,0.7090733693529072,0.8890795259312936
datasets/synthetic_data/s2.csv,423,LSTM,1.0866645310420164,0.8417374177166876,1.0424320270607654
datasets/synthetic_data/s2.csv,424,LSTM,1.3158235493696844,0.9403960454787156,1.1470935225035856
datasets/synthetic_data/s2.csv,425,LSTM,1.3342716938392947,0.9353926099573583,1.1551067889330815
