filename,column_index,model,mse,mae,rmse
datasets/synthetic_data/s2.csv,200,LSTM,1.1143942253711496,0.7982426360033572,1.055648722526177
datasets/synthetic_data/s2.csv,201,LSTM,0.9647535728329745,0.8208000458490944,0.9822186990853791
