filename,column_index,model,mse,mae,rmse
datasets/synthetic_data/s2.csv,200,LSTM,1.1143942253711496,0.7982426360033572,1.055648722526177
datasets/synthetic_data/s2.csv,201,LSTM,0.9647535728329745,0.8208000458490944,0.9822186990853791
datasets/synthetic_data/s2.csv,202,LSTM,0.9675671676225132,0.7802860155396643,0.9836499212740848
datasets/synthetic_data/s2.csv,203,LSTM,1.2460289924844512,0.892498747711447,1.1162566875429913
datasets/synthetic_data/s2.csv,204,LSTM,1.0515954031180355,0.8398686301155383,1.0254732581194088
datasets/synthetic_data/s2.csv,205,LSTM,0.957066131567052,0.7133531835332743,0.9782975680063055
datasets/synthetic_data/s2.csv,206,LSTM,1.4936561607327223,0.994643055010752,1.2221522657724455
datasets/synthetic_data/s2.csv,207,LSTM,0.8901649001001036,0.7611757185764301,0.9434855060360512
datasets/synthetic_data/s2.csv,208,LSTM,1.2740063594916284,0.8911960759758317,1.1287189018934822
