filename,column_index,model,mse,mae,rmse
datasets/synthetic_data/s2.csv,645,LSTM,1.1679312093316356,0.8746761760462771,1.0807086607090903
datasets/synthetic_data/s2.csv,646,LSTM,0.94768399868715,0.751677097168839,0.9734906258856065
datasets/synthetic_data/s2.csv,647,LSTM,0.6445219234956838,0.6616098349398245,0.8028212276065474
datasets/synthetic_data/s2.csv,648,LSTM,1.2922729309928305,0.982796784919501,1.1367818308685402
datasets/synthetic_data/s2.csv,649,LSTM,1.0453565624193295,0.7998602592152805,1.0224268005189072
