filename,column_index,model,mse,mae,rmse
datasets/synthetic_data/s2.csv,81,LSTM,0.7994099352733401,0.6686710000295522,0.8940972739435794
