filename,column_index,model,mse,mae,rmse
datasets/synthetic_data/s2.csv,176,LSTM,1.3235327794038054,0.9667612533928411,1.150448946891519
datasets/synthetic_data/s2.csv,177,LSTM,0.9312641193044152,0.8047495800152009,0.9650202688567817
