filename,column_index,model,mse,mae,rmse
datasets/synthetic_data/s2.csv,0,LSTM,1.069115757672117,0.8476960938768174,1.0339805402772904
datasets/synthetic_data/s2.csv,1,LSTM,1.3843968746265132,0.8966006746694728,1.1766039582741992
datasets/synthetic_data/s2.csv,2,LSTM,1.4432299516468288,0.995817451643988,1.2013450593592288
datasets/synthetic_data/s2.csv,3,LSTM,1.0686526111372892,0.7917761497849828,1.033756553129067
datasets/synthetic_data/s2.csv,4,LSTM,1.4373402653704852,0.9844335071669688,1.1988912650321901
datasets/synthetic_data/s2.csv,5,LSTM,1.0816752295202121,0.7989025417422239,1.040036167409678
datasets/synthetic_data/s2.csv,6,LSTM,0.8982929091526393,0.7488317368623763,0.9477831551323537
datasets/synthetic_data/s2.csv,7,LSTM,1.0197946100337614,0.8521860815440152,1.0098488055316803
datasets/synthetic_data/s2.csv,8,LSTM,1.1149125265730297,0.8560172535358573,1.05589418341661
