filename,column_index,model,mse,mae,rmse
datasets/synthetic_data/s2.csv,311,LSTM,0.4843986270114718,0.5428232136254638,0.6959875192928906
datasets/synthetic_data/s2.csv,312,LSTM,1.1539523355593906,0.9060155469730216,1.0742217348198604
