filename,column_index,model,mse,mae,rmse
datasets/synthetic_data/s2.csv,176,LSTM,1.3235327794038054,0.9667612533928411,1.150448946891519
datasets/synthetic_data/s2.csv,177,LSTM,0.9312641193044152,0.8047495800152009,0.9650202688567817
datasets/synthetic_data/s2.csv,178,LSTM,0.9954275610974369,0.8466654812228599,0.997711161157094
datasets/synthetic_data/s2.csv,179,LSTM,0.9484755296236194,0.7805818946759988,0.9738970836919163
datasets/synthetic_data/s2.csv,180,LSTM,0.8528964802967572,0.6766930645267956,0.9235239467911794
datasets/synthetic_data/s2.csv,181,LSTM,0.9466017474349262,0.8536958418047152,0.9729346059396419
