filename,column_index,model,mse,mae,rmse
datasets/synthetic_data/s2.csv,914,LSTM,1.7313406266701636,1.0070880588733464,1.3158041748946396
datasets/synthetic_data/s2.csv,915,LSTM,1.0427034592023972,0.8156999563789589,1.0211285223723785
datasets/synthetic_data/s2.csv,916,LSTM,0.9145317144469952,0.7252827009718255,0.9563115153792697
datasets/synthetic_data/s2.csv,917,LSTM,1.9994367382245795,1.1410224828997957,1.4140144052394161
datasets/synthetic_data/s2.csv,918,LSTM,1.464778670820298,0.973651177957671,1.2102804099960875
