filename,column_index,model,mse,mae,rmse
datasets/synthetic_data/s2.csv,81,LSTM,0.7994099352733401,0.6686710000295522,0.8940972739435794
datasets/synthetic_data/s2.csv,82,LSTM,1.2186408274948117,0.8877205716504613,1.103920661775479
datasets/synthetic_data/s2.csv,83,LSTM,1.1482536395454315,0.9376526081732434,1.0715659753582285
