filename,column_index,model,mse,mae,rmse
datasets/synthetic_data/s2.csv,311,LSTM,0.4843986270114718,0.5428232136254638,0.6959875192928906
datasets/synthetic_data/s2.csv,312,LSTM,1.1539523355593906,0.9060155469730216,1.0742217348198604
datasets/synthetic_data/s2.csv,313,LSTM,1.1757552857806601,0.8758567970945237,1.0843225008182114
datasets/synthetic_data/s2.csv,314,LSTM,1.777961660777809,1.0206573196633746,1.333402287675332
datasets/synthetic_data/s2.csv,315,LSTM,0.6117101976004274,0.6218717132381705,0.7821190431132766
datasets/synthetic_data/s2.csv,316,LSTM,0.9117531799558561,0.7660556890454241,0.9548576752353495
datasets/synthetic_data/s2.csv,317,LSTM,1.036904938740158,0.8271823798295659,1.0182852933928477
