filename,column_index,model,mse,mae,rmse
datasets/synthetic_data/s2.csv,645,LSTM,1.1679312093316356,0.8746761760462771,1.0807086607090903
