filename,column_index,model,mse,mae,rmse
datasets/processed_data/room_occupancy_data.csv,0,LSTM,0.0010734928532170394,0.024056079583206564,0.03276420078709443
datasets/processed_data/room_occupancy_data.csv,1,LSTM,0.0042851745249032165,0.04648265263661496,0.06546124444969875
datasets/processed_data/room_occupancy_data.csv,2,LSTM,228.9385231648517,4.598091640636152,15.130714562268752
datasets/processed_data/room_occupancy_data.csv,3,LSTM,194840.8946321334,313.7861289082921,441.4078551998519
datasets/processed_data/room_occupancy_data.csv,4,LSTM,2.5288559404521046e-08,0.00015797309271398284,0.00015902376993556983
datasets/processed_data/room_occupancy_data.csv,5,LSTM,0.004060729105055862,0.006847460766720819,0.06372385036276342
datasets/processed_data/torque_characteristics_15052024.csv,0,LSTM,0.017661073713462736,0.10295599617924212,0.13289497249129756
