filename,column_index,model,mse,mae,rmse
datasets/processed_data/metro_nyc_17052024.csv,0,Tree,179744.7735770669,266.57041960947237,423.96317478888056
datasets/processed_data/metro_nyc_17052024.csv,0,ARMA,3949959.1133013596,1740.7037158140786,1987.4504052431998
datasets/processed_data/taxi_data_15052024.csv,0,Tree,1948074.1588149588,991.1758135016998,1395.7342722792755
datasets/processed_data/taxi_data_15052024.csv,0,ARMA,52055249.82648333,5818.01275654912,7214.932420091219
