filename,column_index,model,mse,mae,rmse
datasets/processed_data/metro_nyc_17052024.csv,0,LSTM,9681605.365358848,2571.896795611189,3111.527818509558
datasets/processed_data/taxi_data_15052024.csv,0,LSTM,234060250.85596627,13565.089164759824,15299.027774860933
