filename,column_index,model,mse,mae,rmse
datasets/synthetic_data/s1.csv,997,LSTM,0.7915353554352682,0.7030445511495684,0.8896827274007674
datasets/synthetic_data/s1.csv,998,LSTM,4.238653812592688,1.6765308840612738,2.0587991190479675
datasets/synthetic_data/s1.csv,999,LSTM,3.3452276965103094,1.5138559708454118,1.8289963631758017
