filename,column_index,model,mse,mae,rmse
datasets/processed_data/covid19_17052024.csv,0,Tree,17.31625166355706,2.493516961031679,4.16128005108489
datasets/processed_data/covid19_17052024.csv,0,ARMA,35.11313447233787,5.037636792085064,5.925633676860043
datasets/processed_data/covid19_17052024.csv,1,Tree,5.4634350949860435,1.5554463828854073,2.337399216006124
datasets/processed_data/covid19_17052024.csv,1,ARMA,14.434001850945016,3.375994617529678,3.799210687885711
