filename,column_index,model,mse,mae,rmse
datasets/synthetic_data/s1.csv,309,LSTM,0.7696694642960071,0.688551530737011,0.8773080783259705
datasets/synthetic_data/s1.csv,310,LSTM,1.6528905538441485,0.9441480030151209,1.2856479120833
datasets/synthetic_data/s1.csv,311,LSTM,0.4653795461958514,0.508706633914951,0.6821873248572209
datasets/synthetic_data/s1.csv,312,LSTM,1.2063542401140386,0.8218992821276646,1.0983415862626884
datasets/synthetic_data/s1.csv,313,LSTM,1.721114937011541,0.9132835800664323,1.3119127017494498
datasets/synthetic_data/s1.csv,314,LSTM,2.3973008795590784,1.221109151532874,1.5483219560411454
datasets/synthetic_data/s1.csv,315,LSTM,0.6256939623877384,0.5819386093378169,0.7910081936286997
datasets/synthetic_data/s1.csv,316,LSTM,1.221098770680648,0.8668822087733243,1.1050333798943126
