filename,column_index,model,mse,mae,rmse
datasets/synthetic_data/s1.csv,200,LSTM,1.0955058625980443,0.8885436661544478,1.0466641594121986
datasets/synthetic_data/s1.csv,201,LSTM,1.1539837928899963,0.9148555057008039,1.0742363766369096
datasets/synthetic_data/s1.csv,202,LSTM,1.5597773893857882,1.0508477687116544,1.248910480933597
datasets/synthetic_data/s1.csv,203,LSTM,1.5642093351799242,0.974940033962545,1.2506835471772724
