filename,column_index,model,mse,mae,rmse
datasets/synthetic_data/s1.csv,200,LSTM,1.0955058625980443,0.8885436661544478,1.0466641594121986
datasets/synthetic_data/s1.csv,201,LSTM,1.1539837928899963,0.9148555057008039,1.0742363766369096
