filename,column_index,model,mse,mae,rmse
datasets/synthetic_data/s1.csv,839,LSTM,1.1874985654519032,0.7590603394674937,1.0897240776691608
datasets/synthetic_data/s1.csv,840,LSTM,1.814277619920197,1.1133502755638551,1.3469512314557632
datasets/synthetic_data/s1.csv,841,LSTM,5.197283793616232,1.5398439769011043,2.2797552047569125
datasets/synthetic_data/s1.csv,842,LSTM,3.9205098406066017,1.604107629404894,1.980027737332637
datasets/synthetic_data/s1.csv,843,LSTM,1.0785118239301905,0.8359560969103392,1.0385142386747475
datasets/synthetic_data/s1.csv,844,LSTM,1.8636458290323679,1.0538421389065393,1.3651541411255976
datasets/synthetic_data/s1.csv,845,LSTM,1.4022995202453752,0.9554006607825911,1.1841872825889388
