filename,column_index,model,mse,mae,rmse
datasets/synthetic_data/s1.csv,0,LSTM,1.4324173448866235,0.964071008725572,1.1968363901915013
datasets/synthetic_data/s1.csv,1,LSTM,2.104349614164614,1.1943828879057574,1.450637657778335
datasets/synthetic_data/s1.csv,2,LSTM,3.3450942093833405,1.4680612659801184,1.8289598709056851
datasets/synthetic_data/s1.csv,3,LSTM,1.200303061418124,0.8329388413550242,1.0955834342568913
