filename,column_index,model,mse,mae,rmse
datasets/synthetic_data/s1.csv,110,LSTM,1.647537846645218,1.028430931749474,1.283564508174489
datasets/synthetic_data/s1.csv,111,LSTM,1.97995088292988,1.0911494859718363,1.4071072748478988
datasets/synthetic_data/s1.csv,112,LSTM,1.7236005043948017,1.0931878380404079,1.3128596666798784
