filename,column_index,model,mse,mae,rmse
datasets/synthetic_data/s1.csv,0,Tree,2.2399004938925375,1.2161840504704375,1.496629711683066
datasets/synthetic_data/s1.csv,0,ARMA,2.7262342323289688,1.342447772585146,1.6511311977940968
datasets/synthetic_data/s1.csv,1,Tree,6.65824216584624,2.0835057330846807,2.5803569841876994
datasets/synthetic_data/s1.csv,1,ARMA,13.372428875719697,2.930199640874867,3.656833175812057
datasets/synthetic_data/s1.csv,2,Tree,11.308318705073821,2.703739320122601,3.3627843679120764
datasets/synthetic_data/s1.csv,2,ARMA,12.322934767333214,2.853475955152304,3.510403789784476
