filename,column_index,model,mse,mae,rmse
datasets/synthetic_data/s1.csv,200,Tree,1.9614737206103863,1.0965802285270831,1.4005262298901746
datasets/synthetic_data/s1.csv,200,ARMA,1.6146292975511103,0.9645223424347634,1.2706806434156106
