filename,column_index,model,mse,mae,rmse
datasets/synthetic_data/s1.csv,309,LSTM,0.7696694642960071,0.688551530737011,0.8773080783259705
datasets/synthetic_data/s1.csv,310,LSTM,1.6528905538441485,0.9441480030151209,1.2856479120833
datasets/synthetic_data/s1.csv,311,LSTM,0.4653795461958514,0.508706633914951,0.6821873248572209
