filename,column_index,model,mse,mae,rmse
datasets/synthetic_data/s1.csv,309,LSTM,0.7696694642960071,0.688551530737011,0.8773080783259705
