filename,column_index,model,mse,mae,rmse
datasets/synthetic_data/s1.csv,414,LSTM,2.1333617553564066,0.998455150337233,1.4606032162625162
