filename,column_index,model,mse,mae,rmse
datasets/synthetic_data/s1.csv,680,LSTM,2.4078231273506536,1.2124798788731352,1.5517161877581396
datasets/synthetic_data/s1.csv,681,LSTM,1.7150403447762548,1.0668774828251173,1.309595488987441
datasets/synthetic_data/s1.csv,682,LSTM,1.614817585020264,1.0414812847378878,1.2707547304732978
datasets/synthetic_data/s1.csv,683,LSTM,1.0884954591511264,0.807377395677512,1.0433098576890407
datasets/synthetic_data/s1.csv,684,LSTM,2.829777297811918,1.4402554522013689,1.6821941914689629
datasets/synthetic_data/s1.csv,685,LSTM,5.385876464704044,1.8455694655182913,2.320749117139559
datasets/synthetic_data/s1.csv,686,LSTM,1.5731598382997225,0.9693417938414179,1.254256687564281
datasets/synthetic_data/s1.csv,687,LSTM,0.9052583693634384,0.8294881483181202,0.9514506657538468
