filename,column_index,model,mse,mae,rmse
datasets/synthetic_data/s1.csv,839,LSTM,1.1874985654519032,0.7590603394674937,1.0897240776691608
datasets/synthetic_data/s1.csv,840,LSTM,1.814277619920197,1.1133502755638551,1.3469512314557632
