filename,column_index,model,mse,mae,rmse
datasets/synthetic_data/s1.csv,680,LSTM,2.4078231273506536,1.2124798788731352,1.5517161877581396
datasets/synthetic_data/s1.csv,681,LSTM,1.7150403447762548,1.0668774828251173,1.309595488987441
datasets/synthetic_data/s1.csv,682,LSTM,1.614817585020264,1.0414812847378878,1.2707547304732978
datasets/synthetic_data/s1.csv,683,LSTM,1.0884954591511264,0.807377395677512,1.0433098576890407
