filename,column_index,model,mse,mae,rmse
datasets/synthetic_data/s1.csv,309,LSTM,0.7696694642960071,0.688551530737011,0.8773080783259705
datasets/synthetic_data/s1.csv,310,LSTM,1.6528905538441485,0.9441480030151209,1.2856479120833
datasets/synthetic_data/s1.csv,311,LSTM,0.4653795461958514,0.508706633914951,0.6821873248572209
datasets/synthetic_data/s1.csv,312,LSTM,1.2063542401140386,0.8218992821276646,1.0983415862626884
datasets/synthetic_data/s1.csv,313,LSTM,1.721114937011541,0.9132835800664323,1.3119127017494498
